slot_id,task,repeat_index,seed,started_requests,actual_generations,non_generation_requests,world_actions,world_action_rejected,reward,completed,work_valid,method_status,method_class
train-00-0,joint_a,0,202610020000,18,17,1,16,3,0.2,False,False,unmapped,
train-01-0,joint_b,0,202610020010,17,15,2,14,1,0.0,False,False,unmapped,
train-00-1,joint_a,1,202610020001,19,19,0,18,1,0.2,False,False,unmapped,
train-01-1,joint_b,1,202610020011,14,12,2,10,0,0.0,False,False,unmapped,
train-00-2,joint_a,2,202610020002,17,17,0,15,3,0.2,False,False,unmapped,
train-01-2,joint_b,2,202610020012,16,14,2,13,1,0.0,False,False,unmapped,
train-00-3,joint_a,3,202610020003,21,20,1,18,1,0.2,False,False,unmapped,
train-01-3,joint_b,3,202610020013,18,16,2,16,3,0.0,False,False,unmapped,
train-00-4,joint_a,4,202610020004,22,22,0,22,2,0.2,False,False,unmapped,
train-01-4,joint_b,4,202610020014,15,13,2,11,1,0.0,False,False,unmapped,
train-00-5,joint_a,5,202610020005,18,17,1,16,1,1.0,True,True,mapped,a_active_handoff
train-01-5,joint_b,5,202610020015,27,25,2,19,2,0.0,False,False,unmapped,
train-00-6,joint_a,6,202610020006,22,22,0,20,2,0.2,False,False,unmapped,
train-01-6,joint_b,6,202610020016,19,17,2,16,0,0.3,False,False,unmapped,
train-00-7,joint_a,7,202610020007,22,22,0,20,4,0.2,False,False,unmapped,
train-01-7,joint_b,7,202610020017,17,15,2,14,2,0.0,False,False,unmapped,
